<?xml version="1.0" encoding="UTF-8"?>
<!DOCTYPE mapper PUBLIC "-//mybatis.org//DTD Mapper 3.0//EN" "http://mybatis.org/dtd/mybatis-3-mapper.dtd">
<mapper namespace="com.yy.yoyo.mapper.GoodsMapper">


    <!-- 根据榜单类型获取商品列表 -->
    <select id="getGoodsListByTopType" parameterType="int" resultType="Goods">
        SELECT * FROM goods
        WHERE id IN (SELECT good_id FROM top WHERE type = #{type})
    </select>

    <select id="getGoodsListPageByTopType" resultType="Goods">
        SELECT * FROM goods
        WHERE id IN (SELECT good_id FROM top WHERE type = #{typeId}) AND status = 1 LIMIT #{startIndex},#{pageSize}
    </select>

    <select id="getGoodsListPageByTypeId" resultType="Goods">
        SELECT * FROM goods
        WHERE type_id = #{typeId} AND status = 1 LIMIT #{startIndex},#{pageSize}
    </select>

    <select id="getGoodsTotalByTypeId" resultType="int">
        SELECT count(id) FROM goods
        WHERE (type_id = #{typeId} OR #{typeId} = 0) AND status = 1
    </select>

    <select id="getGoodsListByKw" resultType="Goods">
        SELECT * FROM goods
        WHERE name LIKE #{keyword} AND status = 1 ORDER BY id DESC LIMIT #{startIndex},#{pageSize}
    </select>

    <select id="getGoodsTotalByKw" resultType="int">
        SELECT count(id) FROM goods
        WHERE name LIKE #{keyword} AND status = 1
    </select>

    <select id="getGoodsInfoById" resultType="Goods">
        SELECT * FROM goods WHERE id = #{id} AND status = 1
    </select>

    <select id="getGoodsAdListPageByType" resultType="Goods">
        SELECT * FROM goods
        <where>
            <if test="type > 0">
                AND id IN (SELECT good_id FROM top WHERE type = #{type})
            </if>
            AND status = 1
        </where>
        ORDER BY id DESC
        LIMIT #{startIndex},#{pageSize}
    </select>

    <insert id="insertGoods" parameterType="Goods">
        INSERT INTO goods (name, price, intro, cover, image1, image2, stock, type_id, status)
        VALUES (#{name}, #{price}, #{intro}, #{cover}, #{image1}, #{image2}, #{stock}, #{typeId}, 1)
    </insert>

    <update id="updateGoods" parameterType="Goods">
        UPDATE goods
        SET
        name = #{name},
        price = #{price},
        intro = #{intro},
        <if test="cover != null">cover = #{cover},</if>
        <if test="image1 != null">image1 = #{image1},</if>
        <if test="image2 != null">image2 = #{image2},</if>
        stock = #{stock},
        type_id = #{typeId}
        WHERE
        id = #{id} AND status = 1
    </update>

    <delete id="deleteGoods" parameterType="int">
        UPDATE goods
        SET status = 0
        WHERE id = #{id}
    </delete>






</mapper>