<?xml version="1.0" encoding="UTF-8"?>
<!DOCTYPE mapper PUBLIC "-//mybatis.org//DTD Mapper 3.0//EN" "http://mybatis.org/dtd/mybatis-3-mapper.dtd">
<mapper namespace="com.yy.yoyo.mapper.OrderMapper">
    <insert id="insertDataToOrder"  useGeneratedKeys="true" keyProperty="id">
        INSERT INTO `order`
            (total, amount, status, paytype, systime, user_id)
        VALUES
            (#{total}, #{amount}, #{status}, #{paytype}, #{systime}, #{userId})
    </insert>

    <update id="updateOrder" >
        UPDATE `order`
        SET status = #{status}, paytype = #{paytype}, name = #{name}, phone = #{phone}, address = #{address}
        WHERE id = #{id}
    </update>

    <select id="getOrderByUserId" resultType="Order">
        select * from `order` where user_id =#{userId} order by id desc
    </select>

    <update id="updateOrderById">
        UPDATE `order`
        SET status = #{status}
        WHERE id = #{id}
    </update>

    <!-- 返回指定状态的订单列表 -->
    <select id="getOrderListPageByStatus" resultType="Order">
        SELECT * FROM `order`
        WHERE status = #{status, jdbcType=INTEGER}
            LIMIT #{startIndex, jdbcType=INTEGER}, #{pageSize, jdbcType=INTEGER}
    </select>

    <!-- 返回所有未删除订单 -->
    <select id="getAllOrder" resultType="Order">
        SELECT * FROM `order`
        WHERE status != 0
        LIMIT #{startIndex, jdbcType=INTEGER}, #{pageSize, jdbcType=INTEGER}
    </select>




</mapper>
