<?xml version="1.0" encoding="UTF-8"?>
<!DOCTYPE mapper PUBLIC "-//mybatis.org//DTD Mapper 3.0//EN" "http://mybatis.org/dtd/mybatis-3-mapper.dtd">
<mapper namespace="com.yy.yoyo.mapper.TopMapper">

    <select id="getGoodsCountByType" resultType="int">
        select count(good_id) from top where type=#{type}
    </select>

    <select id="getGoodsCountByGoodsIdAndType" resultType="int">
        SELECT COUNT(id) FROM top WHERE type = #{type} AND good_id = #{goodsId}
    </select>

    <delete id="deleteTopByGoodsId" parameterType="int">
        DELETE FROM top
        WHERE good_id = #{goodsId}
    </delete>

    <delete id="deleteTopByGDAndType">
        DELETE FROM top WHERE good_id = #{goodsId} AND type = #{type}
    </delete>

    <!-- 添加推荐商品信息 -->
    <insert id="insertGoodsToTop">
        INSERT INTO top (type, good_id) VALUES (#{type}, #{goodsId})
    </insert>


</mapper>