<?xml version="1.0" encoding="UTF-8"?>
<!DOCTYPE mapper PUBLIC "-//mybatis.org//DTD Mapper 3.0//EN" "http://mybatis.org/dtd/mybatis-3-mapper.dtd">
<mapper namespace="com.yy.yoyo.mapper.UserMapper">

    <!-- 插入用户信息 -->
    <insert id="addUser" parameterType="User">
        INSERT INTO user (username, password, name, phone, address, status)
        VALUES (#{username}, #{password}, #{name}, #{phone}, #{address}, #{status})
    </insert>

    <select id="findUserByUsername" resultType="User">

        select * from user where username = #{username}

    </select>

    <update id="updateUserById" >

        update user set name = #{name} , phone = #{phone} , address = #{address} where id= #{id}

    </update>

    <update id="updateUserPwdById" >

        update user set password = #{password} where id= #{id}

    </update>

    <select id="getUserList" resultType="User">
        SELECT * FROM user
                          LIMIT #{startIndex, jdbcType=INTEGER}, #{pageSize, jdbcType=INTEGER}
    </select>

    <select id="findUserById" resultType="User">
        SELECT * FROM user
        WHERE id = #{id, jdbcType=INTEGER}
    </select>



</mapper>
